{
  "biases": {
    "BE": -4.16563657786149e-05,
    "CEG": -5.733347800151405e-05,
    "MSFT": -1.7839872987068556e-05,
    "GEV": -0.00010265320227988602,
    "GOOG": 5.273155499044488e-06,
    "VST": -4.1743241061158946e-05,
    "NVDA": -4.106681482556469e-05,
    "META": 6.863041845078213e-05,
    "RIOT": 0.0001577480119098977,
    "CLSK": 0.0,
    "TSM": 1.2743757756207626e-05,
    "AVGO": -4.774636083441011e-06,
    "BITF": 0.0
  },
  "calibration": [
    {
      "as_of": "2026-05-20",
      "delta_pct": -0.011919760776048834
    }
  ]
}