{
  "biases": {
    "BE": -2.4402998824320953e-05,
    "CEG": 0.0,
    "MSFT": 0.0,
    "GEV": 0.0,
    "GOOG": -9.121950618190381e-06,
    "VST": 0.0,
    "NVDA": -8.92386620576805e-06,
    "META": -8.262291064812771e-07,
    "RIOT": 6.2680273535944e-05,
    "CLSK": 0.0,
    "TSM": -8.37333273116873e-06,
    "AVGO": 0.0,
    "BITF": 0.0
  },
  "calibration": []
}